EVENTquqiz,11-12-2016,LOCametv,20,ORGodkmn
EVENTswmki,22-8-2016,LOCmtpvp,30,ORGilzjq
EVENTchxdx,3-9-2016,LOCwfryq,12,ORGafzct
EVENTeofav,4-10-2016,LOCcryfd,27,ORGgcbsh
EVENTfzmcy,26-12-2016,LOCgbgyk,7,ORGxudsz
EVENTdmglq,30-7-2016,LOCcfjjn,30,ORGgxhco
EVENTiginv,21-9-2016,LOCbtlnd,44,ORGjpkyp
EVENTvfply,23-10-2016,LOCcprpt,26,ORGbxuww
EVENTsxkwx,27-6-2016,LOCsizwa,14,ORGsimlv
EVENTsziqz,13-12-2016,LOClxudd,44,ORGcbcbl
EVENTiurhh,2-8-2016,LOCvqcuk,38,ORGlkvzw
EVENTdvmzd,20-8-2016,LOCiwrdz,11,ORGtwezv
EVENTajbeh,2-10-2016,LOCbxayn,34,ORGotwmo
EVENTsajnr,29-4-2016,LOCzefix,4,ORGsebqu
EVENTcmyxc,27-7-2016,LOCkkuue,23,ORGaupcj
EVENTnxhwo,29-1-2016,LOCuxxsa,18,ORGhpvow
EVENTfsyhh,28-7-2016,LOCrgktq,40,ORGiceok
EVENTpfzif,17-11-2016,LOCkglob,44,ORGstqfz
EVENTbiqnt,1-10-2016,LOCuivbf,29,ORGzpmrd
EVENTmzhxp,4-11-2016,LOCtuvbv,29,ORGnkvty
EVENTqbcjc,19-12-2016,LOCkdyts,36,ORGnnnzv
EVENTasnxg,20-1-2016,LOCmxytb,32,ORGftbzs
EVENTenhut,5-12-2016,LOCqmidd,27,ORGjomop
EVENTwdkhp,4-3-2016,LOCciljv,35,ORGizudw
EVENTizfqm,27-12-2016,LOCgfuqv,40,ORGdssuc
EVENTtnpxl,14-1-2016,LOCkseim,16,ORGveeoa
EVENTvgsyt,16-9-2016,LOCsoqrc,38,ORGgekty
EVENTcsuyb,19-11-2016,LOCjvagl,34,ORGkpfhe
EVENTcxedk,8-10-2016,LOCbptsg,0,ORGxhlxr
EVENTpjjyz,3-1-2016,LOCvblnd,47,ORGawqwp
EVENTrefdk,26-10-2016,LOCqxdgu,44,ORGfbfsp
EVENTvnxye,1-6-2016,LOCdaigw,36,ORGxpolr
EVENTmajdk,14-1-2016,LOCuxemw,29,ORGgkyui
EVENTivlqk,7-10-2016,LOCxwxrz,11,ORGuupmp
EVENTwygsi,3-11-2016,LOCysuyd,12,ORGjtbty
EVENTkjxng,25-6-2016,LOCtlmhj,23,ORGpfbrs
EVENTxtebj,9-11-2016,LOCzatyp,9,ORGlmupj
EVENToymvg,26-5-2016,LOCgovdn,29,ORGzetaj
EVENTwyzyn,9-7-2016,LOCxnrmv,47,ORGtuaja
EVENTwzodn,29-7-2016,LOCbkpau,29,ORGrhdee
EVENTjwywz,28-9-2016,LOCgiqzb,27,ORGxfifh
EVENTcdzpd,23-8-2016,LOCmygvl,2,ORGmloos
EVENTqfyza,1-3-2016,LOCxxmtg,36,ORGipekm
EVENTxzkfd,21-9-2016,LOCkdauc,13,ORGiszpv
EVENTrcghf,15-7-2016,LOCexpgu,14,ORGigooy
EVENThtjze,26-10-2016,LOCapgls,45,ORGmaims
EVENTpbgdk,12-4-2016,LOCmrljv,49,ORGinrgo
EVENTfqhrs,12-12-2016,LOCbaxrh,25,ORGsbhdj
EVENTgfkke,10-6-2016,LOColvbs,6,ORGmrtir
EVENTfbzvt,3-2-2016,LOCudiln,8,ORGgxjfy
EVENTtqttn,15-8-2016,LOCelium,44,ORGdpvfq
EVENTcbpcw,10-4-2016,LOCtthoe,29,ORGctehw
EVENTszzcy,9-8-2016,LOCatinn,22,ORGgwzdy
EVENTkosjn,8-11-2016,LOCdzbnx,33,ORGtxmml
EVENTabxxp,1-1-2016,LOCdcanv,22,ORGtrsib
EVENTrgwlk,17-2-2016,LOCnvquj,35,ORGowwvm
EVENTeiwxk,17-12-2016,LOChblko,42,ORGuubcc
EVENTodpkj,26-4-2016,LOCaqymh,13,ORGdsgub
EVENTlgsgc,21-10-2016,LOCkjmsz,38,ORGidcep
EVENTjsxrm,20-2-2016,LOCdarsa,40,ORGwmuli
EVENTzuelb,12-12-2016,LOCjezru,22,ORGhubjy
EVENTtumhk,11-4-2016,LOCnrzsk,13,ORGqiqtz
EVENTvihxz,16-9-2016,LOCnmlsb,24,ORGqfsyb
EVENTjljse,3-2-2016,LOCffmmo,13,ORGzcxkp
EVENTziflp,26-2-2016,LOCreksf,7,ORGfjsje
EVENTbdywa,27-6-2016,LOChuazu,10,ORGnjucn
EVENTjhgsp,1-9-2016,LOCjknmd,9,ORGrlrdp
EVENTwpmyx,26-3-2016,LOCpqvgk,13,ORGwrgpq
EVENTbhcuf,26-10-2016,LOCzqehm,21,ORGiovom
EVENTqxbkz,10-12-2016,LOCzibyl,31,ORGdydan
EVENTjowkz,26-8-2016,LOCfdtrd,28,ORGlguud
EVENTngzni,7-12-2016,LOCzbxvg,46,ORGycsdm
EVENTinxck,8-1-2016,LOCqbpko,18,ORGvvmmg
EVENTewnqr,24-6-2016,LOCjxztr,46,ORGxfhni
EVENTjqtvu,23-8-2016,LOCvekxr,34,ORGvvxls
EVENTkwlxo,7-2-2016,LOClthtq,35,ORGsgbbf
EVENTqyiwh,2-3-2016,LOCrcews,27,ORGybkba
EVENTxjyfn,10-3-2016,LOCbetbv,18,ORGcdvke
EVENTyjpjj,6-10-2016,LOCemjul,36,ORGzoejn
EVENTrhzcl,26-10-2016,LOCsnwrn,33,ORGfwkkx
EVENTvajdx,10-9-2016,LOCebcil,10,ORGrnqtd
EVENTumqvc,10-8-2016,LOCfmrgg,30,ORGrmygu
EVENTtbdyi,20-7-2016,LOCjarpt,46,ORGkfjed
EVENTxkpvn,12-7-2016,LOCkvhrb,6,ORGqvpvl
EVENTsayho,24-8-2016,LOCsjxdn,33,ORGkcttq
EVENTntogz,26-4-2016,LOCxoqyr,38,ORGjabcz
EVENTgdtpe,21-3-2016,LOCcakrd,39,ORGixphm
EVENTojyqa,7-2-2016,LOCluwnu,18,ORGqnwje
EVENTydnnc,29-11-2016,LOCswvqp,5,ORGkqcrc
EVENTbfepq,13-11-2016,LOCvnhhc,30,ORGfqprl
EVENTuogpc,3-12-2016,LOCucecx,4,ORGniipw
EVENTmadsz,5-7-2016,LOCfzbvn,19,ORGufwij
EVENTowcid,2-10-2016,LOCqccim,18,ORGcxrix
EVENTintto,9-10-2016,LOCxhowd,35,ORGmyiqw
EVENTinmuk,28-11-2016,LOCeylbn,39,ORGwnhnj
EVENTodirv,24-1-2016,LOCytdrf,5,ORGwmgzc
EVENTsvbkx,2-1-2016,LOCgjygc,1,ORGkingb
EVENTdiafb,1-1-2016,LOCgzani,12,ORGzbpof
EVENTvfgtt,2-5-2016,LOCbhiqd,5,ORGojaxf
EVENTledzr,29-1-2016,LOCvtttt,13,ORGnrwmm
