EVENTkdhgx,1-12-2016,LOCbibry,11,ORGbndow
EVENTkmnlp,5-2-2016,LOCndkzh,39,ORGemnof
EVENTfdctc,10-6-2016,LOCxzdio,47,ORGillnr
EVENTnwjij,23-5-2016,LOCricog,16,ORGcmozl
EVENThjgof,29-11-2016,LOCsbpuz,7,ORGpzjtn
EVENTsssio,5-8-2016,LOCmfcqt,31,ORGmubns
EVENTwucur,24-3-2016,LOClrgjy,8,ORGdazmm
EVENTkirey,22-8-2016,LOCtjhcl,48,ORGcjuyh
EVENTbeyvw,27-11-2016,LOCqdmmp,25,ORGwkyhy
EVENTlkpbo,26-10-2016,LOCsvrdm,25,ORGbnixj
EVENTllknh,30-7-2016,LOCtngkf,47,ORGpppza
EVENTgzvvh,26-8-2016,LOCundag,47,ORGqfszk
EVENTibyri,6-3-2016,LOCiyzzs,38,ORGbjten
EVENTfhwzj,13-1-2016,LOCvugqx,9,ORGzikqq
EVENThmgpq,19-7-2016,LOCwfbcd,41,ORGllbqe
EVENTehdsd,29-11-2016,LOCsaymq,23,ORGrkknu
EVENThrrxe,27-4-2016,LOCzbrlg,24,ORGnlahj
EVENTdqrzr,26-12-2016,LOCpybfm,31,ORGpjgxf
EVENTccmbt,29-3-2016,LOCodreh,4,ORGdtoxh
EVENTwnoow,21-9-2016,LOCeuuev,9,ORGxxvdt
EVENTznyoj,10-4-2016,LOCiohap,37,ORGrybvi
EVENTmtclx,2-2-2016,LOCfjqaw,39,ORGhthzl
EVENTwngrp,12-5-2016,LOCinhgm,5,ORGaliom
EVENTqqyzi,1-3-2016,LOChyscl,34,ORGcuzgr
EVENTxcwzb,28-5-2016,LOCakozv,18,ORGfhfdd
EVENTxjhon,23-8-2016,LOCxbizw,46,ORGwpiri
EVENTufzqm,25-11-2016,LOCzuwoa,11,ORGciodo
EVENTwkbos,15-6-2016,LOCtjymn,16,ORGqpsne
EVENTsqhaw,30-5-2016,LOCgdnpz,18,ORGnhjiy
EVENThjvlz,20-11-2016,LOCkwkzb,32,ORGviyma
EVENTgznde,6-12-2016,LOCdlvew,8,ORGtjipl
EVENTgiqmn,10-3-2016,LOCuszlu,23,ORGzjoia
EVENTfhihp,19-1-2016,LOCjmfmc,21,ORGcvthw
EVENTakjsp,30-6-2016,LOCrpsbv,39,ORGvogrh
EVENTmqjsh,12-4-2016,LOCeqisr,22,ORGhqzwi
EVENTccctc,22-8-2016,LOCahcjn,30,ORGcizsw
EVENTldlvr,15-11-2016,LOCronkl,25,ORGdtsom
EVENTmnikt,5-12-2016,LOCvguit,0,ORGnrnbn
EVENTfwmbv,28-10-2016,LOCiskbn,6,ORGiivkd
EVENToiciq,23-8-2016,LOCgcwiz,9,ORGacsud
EVENTcszoq,14-9-2016,LOCpunzd,46,ORGouuue
EVENTbwhzb,13-2-2016,LOCswzih,45,ORGinmnj
EVENTsqdcb,3-4-2016,LOCfwlki,41,ORGqtdcy
EVENTjnyip,1-2-2016,LOCuawqy,16,ORGjarvu
EVENTomaid,27-12-2016,LOCdxoxt,44,ORGlbfaz
EVENTklbqx,6-5-2016,LOCqyyen,47,ORGdbozt
EVENTxmwiu,15-3-2016,LOCapbfx,38,ORGnqkld
EVENTlqepe,13-3-2016,LOCnckmi,23,ORGbtjsp
EVENTihnif,26-2-2016,LOCiveue,2,ORGmefhz
EVENTttywc,17-3-2016,LOCdasqk,8,ORGmmfbr
EVENTzdwhi,1-3-2016,LOCocwrq,33,ORGlwuvv
EVENTaxifo,23-8-2016,LOCwnuaj,22,ORGdzvqg
EVENTwejdu,17-9-2016,LOCsxash,40,ORGmyyij
EVENTgaivp,24-4-2016,LOCtayqu,38,ORGfeddj
EVENTyvolr,15-9-2016,LOCfqgtr,38,ORGsalbc
EVENTtycdo,7-8-2016,LOCadfmx,40,ORGtmfgx
EVENTqneut,13-4-2016,LOCixlsj,7,ORGztqyi
EVENTvkcaw,14-12-2016,LOCkgnwi,26,ORGmoovn
EVENTspsex,17-11-2016,LOCqryde,45,ORGbkiom
EVENTbzrvy,21-6-2016,LOCuinbx,30,ORGgyxlg
EVENTkzgpk,25-7-2016,LOCqvddz,2,ORGmspqa
EVENTgnomy,4-8-2016,LOCgffoy,21,ORGkrwgf
EVENTuyvhu,19-2-2016,LOCynghm,43,ORGqiqvf
EVENTzfuyz,13-3-2016,LOCueyqe,40,ORGjwlve
EVENTtprki,29-6-2016,LOCmzeux,37,ORGgdfcb
EVENTwlmxa,17-11-2016,LOCppqmv,20,ORGhlywy
EVENTgjoet,13-11-2016,LOCdesjr,41,ORGtkswb
EVENTliiow,15-3-2016,LOCjrgdd,45,ORGkqzou
EVENTjufet,27-4-2016,LOCfpbyf,49,ORGaqgdd
EVENTafivz,17-9-2016,LOCehkre,21,ORGovcch
EVENThonqy,6-10-2016,LOCncjrt,20,ORGvsnob
EVENTwiept,29-11-2016,LOCwxldw,49,ORGnjady
EVENTrkxsz,15-3-2016,LOCfyzxl,33,ORGlvlpt
EVENTmrwju,18-4-2016,LOCdjmpr,38,ORGschwu
EVENTjeobt,24-6-2016,LOCcdewb,41,ORGxgzhv
EVENTfmsbv,20-3-2016,LOCvacmv,5,ORGjjzoa
EVENTklcke,27-10-2016,LOCfxhim,2,ORGnkwcg
EVENTbqste,23-1-2016,LOCukmtc,27,ORGjaitn
EVENTfyvat,7-10-2016,LOCcygrt,16,ORGuddyg
EVENTydofz,24-5-2016,LOCyhuvc,15,ORGtwauv
EVENTnutwp,27-2-2016,LOCfujkk,14,ORGvonuo
EVENTyllqh,13-4-2016,LOCdlimj,5,ORGqysam
EVENTomeyx,1-2-2016,LOCacafb,17,ORGtehls
EVENTduofp,23-3-2016,LOCuclab,5,ORGgjegj
EVENTusfod,14-8-2016,LOCihhlb,6,ORGtdbwn
EVENTnsoqa,22-2-2016,LOCcqiqu,31,ORGouhig
EVENTvriyw,20-8-2016,LOCizijb,13,ORGhnmvo
EVENTeogco,29-10-2016,LOCnuchr,1,ORGnhbrb
EVENTvagvi,14-7-2016,LOCzgqhy,14,ORGkrgrl
EVENTiyjmc,6-6-2016,LOChbyda,2,ORGesumd
EVENTrasde,8-1-2016,LOCsmcws,42,ORGeqcjq
EVENTtdkvd,2-3-2016,LOCiaodw,31,ORGsfdzp
EVENTmpjzh,27-9-2016,LOChqfqy,34,ORGlmrjk
EVENTnohvf,6-8-2016,LOCbxxua,16,ORGstiue
EVENTjheaa,10-8-2016,LOCqiehm,26,ORGmubku
EVENTkfqwj,25-5-2016,LOCwpuzs,22,ORGafyyh
EVENTvszfo,26-1-2016,LOCtcxms,32,ORGgzxyn
EVENTlwirb,18-4-2016,LOCseuqy,47,ORGjpeaz
EVENTucfcx,3-4-2016,LOCoirgt,24,ORGegxsz
EVENTnmlma,7-9-2016,LOCjoaxv,31,ORGxkdsq
